{"cameraMode":{"drawMode":0,"name":"Shaded","section":"Shading Mode"},"sceneLighting":false,"audioPlay":false,"sceneViewState":{"showFog":true,"showMaterialUpdate":false,"showSkybox":false,"showFlares":true,"showImageEffects":true,"showParticleSystems":true},"in2DMode":false,"pivot":{"x":69.45513916015625,"y":10.238662719726563,"z":52.244384765625},"rotation":{"x":0.1849736124277115,"y":0.07877621799707413,"z":-0.0149678410962224,"w":0.9797912240028381},"size":825.617919921875,"orthographic":true}