{"cameraMode":{"drawMode":0,"name":"Shaded","section":"Shading Mode"},"sceneLighting":true,"audioPlay":false,"sceneViewState":{"showFog":true,"showMaterialUpdate":false,"showSkybox":true,"showFlares":true,"showImageEffects":true,"showParticleSystems":true},"in2DMode":false,"pivot":{"x":29.54256820678711,"y":177.3732147216797,"z":-131.92771911621095},"rotation":{"x":0.10228486359119415,"y":0.7246171236038208,"z":-0.6729947924613953,"w":0.1099485233426094},"size":1437.8868408203125,"orthographic":true}